paid,verified,study_hours,technical_skills,Angular,Java,Machine Learning,Python,React,SQL,Spring Boot,role_ENTERPRISE,role_FREELANCER,role_STUDENT,role_TEACHER,specialty_Data Science,specialty_Finance,specialty_Informatique,specialty_Marketing,specialty_Mathématiques,sector_Finance,sector_Santé,sector_Technologie,sector_Éducation,sector_Énergie
0.0,,20.155375772284568,4,1,0,0,1,1,0,0,False,False,True,False,False,False,False,False,True,False,False,False,False,False
0.0,,19.31996800365276,1,0,1,0,1,1,0,0,False,False,True,False,False,True,False,False,False,False,False,False,False,False
,1.0,0.0,0,0,0,1,1,0,0,0,True,False,False,False,False,False,False,False,False,False,False,True,False,False
1.0,,14.225119415893307,1,1,0,0,0,0,0,1,False,False,True,False,False,False,True,False,False,False,False,False,False,False
,0.0,0.0,0,0,0,0,0,1,1,0,True,False,False,False,False,False,False,False,False,False,False,False,True,False
1.0,,13.53273928006134,4,0,0,0,1,0,1,0,False,False,True,False,True,False,False,False,False,False,False,False,False,False
,1.0,0.0,0,1,0,1,0,0,1,0,True,False,False,False,False,False,False,False,False,True,False,False,False,False
,1.0,0.0,0,0,0,1,0,0,0,0,True,False,False,False,False,False,False,False,False,True,False,False,False,False
,,17.802191091116605,4,0,0,0,0,1,0,0,False,False,False,True,False,False,False,False,True,False,False,False,False,False
,0.0,0.0,0,0,0,1,0,0,0,0,True,False,False,False,False,False,False,False,False,False,False,True,False,False
,,17.384919593937873,4,0,0,0,0,1,0,0,False,False,False,True,False,False,False,True,False,False,False,False,False,False
,,23.78815607144085,1,1,1,0,0,1,0,0,False,False,False,True,False,False,True,False,False,False,False,False,False,False
0.0,,20.66379434260522,2,0,0,0,0,0,0,1,False,False,True,False,False,False,True,False,False,False,False,False,False,False
,,0.0,4,0,1,1,0,0,0,1,False,True,False,False,False,False,False,False,False,False,False,False,False,False
,1.0,0.0,0,0,0,0,1,0,0,1,True,False,False,False,False,False,False,False,False,False,False,True,False,False
,0.0,0.0,0,0,0,0,0,0,1,1,True,False,False,False,False,False,False,False,False,False,False,True,False,False
,,0.0,2,0,0,0,0,1,1,0,False,True,False,False,False,False,False,False,False,False,False,False,False,False
,,19.41048588756036,1,1,0,0,0,0,0,0,False,False,False,True,False,True,False,False,False,False,False,False,False,False
0.0,,25.014503609628438,4,0,1,0,0,0,0,0,False,False,True,False,False,True,False,False,False,False,False,False,False,False
0.0,,19.48914618214196,2,0,0,0,0,0,0,1,False,False,True,False,False,False,False,False,True,False,False,False,False,False
,,19.53366833737052,2,1,0,1,0,0,0,0,False,False,False,True,False,True,False,False,False,False,False,False,False,False
,0.0,0.0,0,0,1,0,0,1,0,0,True,False,False,False,False,False,False,False,False,False,False,False,True,False
0.0,,20.474756851861702,2,1,0,0,0,1,0,1,False,False,True,False,False,False,True,False,False,False,False,False,False,False
,,0.0,1,0,0,0,1,0,1,1,False,True,False,False,False,False,False,False,False,False,False,False,False,False
,0.0,0.0,0,0,1,0,0,0,0,1,True,False,False,False,False,False,False,False,False,False,False,True,False,False
0.0,,18.211593583416942,3,0,1,0,0,0,0,0,False,False,True,False,False,False,False,True,False,False,False,False,False,False
1.0,,26.36357394600905,3,1,1,0,1,0,0,0,False,False,True,False,False,True,False,False,False,False,False,False,False,False
,,25.560684096412274,1,1,0,0,0,0,0,0,False,False,False,True,False,True,False,False,False,False,False,False,False,False
,1.0,0.0,0,1,0,0,0,0,0,1,True,False,False,False,False,False,False,False,False,False,False,True,False,False
1.0,,26.3085529106148,1,0,0,0,0,0,0,1,False,False,True,False,False,False,True,False,False,False,False,False,False,False
1.0,,29.53197523673777,4,0,1,0,0,0,1,0,False,False,True,False,False,True,False,False,False,False,False,False,False,False
1.0,,20.317487919630953,3,1,0,1,0,1,0,0,False,False,True,False,False,False,False,False,True,False,False,False,False,False
0.0,,33.019570696539034,3,0,0,0,0,1,0,0,False,False,True,False,True,False,False,False,False,False,False,False,False,False
,,0.0,3,0,1,1,0,0,0,0,False,True,False,False,False,False,False,False,False,False,False,False,False,False
1.0,,20.440192339866623,4,1,1,0,0,0,0,0,False,False,True,False,False,False,True,False,False,False,False,False,False,False
0.0,,22.21194519347052,3,0,0,0,0,0,0,1,False,False,True,False,False,False,True,False,False,False,False,False,False,False
1.0,,21.036669017560158,3,1,0,0,0,0,0,1,False,False,True,False,True,False,False,False,False,False,False,False,False,False
,0.0,0.0,0,1,0,0,0,0,0,0,True,False,False,False,False,False,False,False,False,False,False,False,False,True
,,0.0,4,0,0,0,1,0,1,0,False,True,False,False,False,False,False,False,False,False,False,False,False,False
0.0,,20.8458480980101,4,1,0,1,0,0,0,1,False,False,True,False,False,True,False,False,False,False,False,False,False,False
1.0,,17.309132233990972,3,0,1,0,0,1,1,0,False,False,True,False,True,False,False,False,False,False,False,False,False,False
1.0,,27.463477787755604,4,0,1,0,1,0,1,0,False,False,True,False,False,False,False,True,False,False,False,False,False,False
1.0,,18.832736662225606,4,0,0,1,0,1,1,0,False,False,True,False,False,False,True,False,False,False,False,False,False,False
,,0.0,3,0,0,0,1,0,0,0,False,True,False,False,False,False,False,False,False,False,False,False,False,False
0.0,,24.59040823452834,2,0,0,0,0,0,0,1,False,False,True,False,False,False,True,False,False,False,False,False,False,False
,0.0,0.0,0,0,0,0,1,1,0,0,True,False,False,False,False,False,False,False,False,True,False,False,False,False
1.0,,22.52276282199104,3,0,0,0,1,1,1,0,False,False,True,False,True,False,False,False,False,False,False,False,False,False
1.0,,6.275563394783649,1,1,0,0,0,1,0,0,False,False,True,False,False,False,True,False,False,False,False,False,False,False
,,0.0,1,0,0,1,1,0,0,1,False,True,False,False,False,False,False,False,False,False,False,False,False,False
,,11.734100012556581,2,0,0,0,1,1,0,0,False,False,False,True,False,False,False,False,True,False,False,False,False,False
1.0,,13.014296741525099,2,1,1,0,0,1,0,0,False,False,True,False,False,False,False,False,True,False,False,False,False,False
,,17.493183045583233,4,1,0,0,0,0,0,0,False,False,False,True,False,False,False,False,True,False,False,False,False,False
1.0,,19.76925514992208,4,1,0,1,0,0,0,1,False,False,True,False,False,False,False,True,False,False,False,False,False,False
0.0,,13.75842821582695,3,1,1,0,0,0,0,1,False,False,True,False,True,False,False,False,False,False,False,False,False,False
0.0,,29.311826312917162,3,0,0,0,0,0,1,0,False,False,True,False,True,False,False,False,False,False,False,False,False,False
,1.0,0.0,0,0,0,0,1,0,0,0,True,False,False,False,False,False,False,False,False,False,False,True,False,False
,,4.952902800566857,2,0,0,1,0,1,0,0,False,False,False,True,True,False,False,False,False,False,False,False,False,False
,0.0,0.0,0,0,1,0,0,1,0,1,True,False,False,False,False,False,False,False,False,False,False,False,True,False
1.0,,27.614452891274563,1,0,1,0,1,0,0,1,False,False,True,False,False,False,True,False,False,False,False,False,False,False
,,5.464549785534448,1,0,1,0,0,0,0,0,False,False,False,True,False,False,False,False,True,False,False,False,False,False
,0.0,0.0,0,0,1,0,0,0,1,0,True,False,False,False,False,False,False,False,False,False,True,False,False,False
1.0,,10.507706488668815,2,0,0,0,1,0,1,0,False,False,True,False,False,False,False,True,False,False,False,False,False,False
,1.0,0.0,0,0,0,1,1,0,1,0,True,False,False,False,False,False,False,False,False,False,False,False,False,True
,,24.70776858648922,4,0,0,1,0,1,0,1,False,False,False,True,False,False,False,True,False,False,False,False,False,False
1.0,,19.438519463199206,2,1,0,0,0,1,0,0,False,False,True,False,False,True,False,False,False,False,False,False,False,False
,,0.0,1,0,0,0,0,0,1,0,False,True,False,False,False,False,False,False,False,False,False,False,False,False
,,0.0,3,0,0,0,0,0,1,0,False,True,False,False,False,False,False,False,False,False,False,False,False,False
1.0,,23.062805561022493,1,1,0,1,0,0,0,1,False,False,True,False,False,False,True,False,False,False,False,False,False,False
0.0,,11.603162552924118,4,0,1,1,0,0,0,1,False,False,True,False,False,True,False,False,False,False,False,False,False,False
,1.0,0.0,0,1,0,0,0,0,1,0,True,False,False,False,False,False,False,False,False,False,True,False,False,False
0.0,,26.22706360979992,4,0,1,0,1,1,0,0,False,False,True,False,True,False,False,False,False,False,False,False,False,False
,,0.0,2,0,0,0,0,0,1,0,False,True,False,False,False,False,False,False,False,False,False,False,False,False
0.0,,17.359828843593323,4,0,0,1,1,1,0,0,False,False,True,False,False,True,False,False,False,False,False,False,False,False
,1.0,0.0,0,1,0,0,0,0,0,0,True,False,False,False,False,False,False,False,False,False,False,True,False,False
1.0,,14.570343978674188,3,1,0,0,0,1,0,0,False,False,True,False,True,False,False,False,False,False,False,False,False,False
,0.0,0.0,0,0,0,0,1,0,0,0,True,False,False,False,False,False,False,False,False,False,False,False,True,False
0.0,,14.872864903342666,3,0,0,0,0,0,1,0,False,False,True,False,True,False,False,False,False,False,False,False,False,False
,,0.0,3,1,0,0,0,0,1,0,False,True,False,False,False,False,False,False,False,False,False,False,False,False
,,14.973358484593204,1,1,0,0,0,0,0,0,False,False,False,True,False,False,False,False,True,False,False,False,False,False
,,9.239818219819613,2,0,1,0,0,1,0,1,False,False,False,True,False,False,False,True,False,False,False,False,False,False
,1.0,0.0,0,0,0,0,0,0,1,0,True,False,False,False,False,False,False,False,False,True,False,False,False,False
1.0,,24.902741289266757,1,0,0,0,0,0,1,1,False,False,True,False,False,False,True,False,False,False,False,False,False,False
1.0,,18.09480811355682,3,0,1,0,1,0,0,1,False,False,True,False,False,False,False,True,False,False,False,False,False,False
0.0,,16.819848482872167,3,0,1,1,0,0,0,1,False,False,True,False,False,True,False,False,False,False,False,False,False,False
,,19.571489770024584,3,1,0,0,1,0,0,1,False,False,False,True,False,False,False,True,False,False,False,False,False,False
0.0,,20.62232982790635,1,1,0,0,0,0,0,0,False,False,True,False,False,False,True,False,False,False,False,False,False,False
0.0,,26.006378279742748,1,0,1,0,0,0,1,0,False,False,True,False,False,False,False,True,False,False,False,False,False,False
,0.0,0.0,0,0,0,1,0,0,1,1,True,False,False,False,False,False,False,False,False,False,False,True,False,False
,,18.369073826615534,3,0,1,0,0,0,0,0,False,False,False,True,False,False,True,False,False,False,False,False,False,False
,,23.270322438129632,3,1,0,0,0,0,1,1,False,False,False,True,False,False,False,False,True,False,False,False,False,False
,,21.935115506379155,3,1,1,0,1,0,0,0,False,False,False,True,False,False,False,True,False,False,False,False,False,False
1.0,,20.05181899196665,2,1,1,0,0,0,0,0,False,False,True,False,True,False,False,False,False,False,False,False,False,False
,1.0,0.0,0,0,0,0,1,0,1,0,True,False,False,False,False,False,False,False,False,False,False,False,True,False
,,0.0,4,1,0,0,0,1,0,0,False,True,False,False,False,False,False,False,False,False,False,False,False,False
0.0,,17.661631371390055,1,0,0,1,0,1,0,1,False,False,True,False,False,False,False,True,False,False,False,False,False,False
,1.0,0.0,0,0,1,0,0,0,0,0,True,False,False,False,False,False,False,False,False,False,True,False,False,False
,1.0,0.0,0,1,1,0,0,1,0,0,True,False,False,False,False,False,False,False,False,False,True,False,False,False
,,20.333680270537215,2,1,0,0,1,1,0,0,False,False,False,True,False,False,False,False,True,False,False,False,False,False
,0.0,0.0,0,0,0,1,0,1,1,0,True,False,False,False,False,False,False,False,False,False,False,False,False,True
,0.0,0.0,0,0,0,0,0,1,0,0,True,False,False,False,False,False,False,False,False,True,False,False,False,False
,,0.0,2,1,0,0,1,0,1,0,False,True,False,False,False,False,False,False,False,False,False,False,False,False
,,0.0,1,1,0,0,1,0,0,0,False,True,False,False,False,False,False,False,False,False,False,False,False,False
0.0,,23.124547260826024,4,0,0,1,0,1,0,0,False,False,True,False,False,True,False,False,False,False,False,False,False,False
,1.0,0.0,0,1,0,0,0,0,0,1,True,False,False,False,False,False,False,False,False,False,False,False,True,False
,,17.013873133688474,4,0,0,0,0,0,1,0,False,False,False,True,True,False,False,False,False,False,False,False,False,False
1.0,,10.665658934626126,1,0,1,0,0,0,1,0,False,False,True,False,True,False,False,False,False,False,False,False,False,False
0.0,,15.542635522817811,4,0,1,0,0,1,1,0,False,False,True,False,False,True,False,False,False,False,False,False,False,False
,0.0,0.0,0,1,1,1,0,0,0,0,True,False,False,False,False,False,False,False,False,False,False,True,False,False
0.0,,21.419427617137472,2,0,0,0,1,1,0,0,False,False,True,False,False,False,False,False,True,False,False,False,False,False
,0.0,0.0,0,1,1,0,0,0,1,0,True,False,False,False,False,False,False,False,False,False,False,False,False,True
,1.0,0.0,0,0,0,0,0,1,0,1,True,False,False,False,False,False,False,False,False,True,False,False,False,False
,,0.0,3,0,0,1,0,0,0,0,False,True,False,False,False,False,False,False,False,False,False,False,False,False
,1.0,0.0,0,0,1,0,1,0,0,1,True,False,False,False,False,False,False,False,False,True,False,False,False,False
,1.0,0.0,0,0,0,0,0,0,1,0,True,False,False,False,False,False,False,False,False,False,False,False,False,True
,1.0,0.0,0,0,0,0,0,0,1,0,True,False,False,False,False,False,False,False,False,False,False,False,False,True
,,18.27024529763374,1,0,0,0,1,0,0,1,False,False,False,True,False,False,False,False,True,False,False,False,False,False
,,16.804946777362506,4,0,1,1,0,0,0,0,False,False,False,True,False,False,True,False,False,False,False,False,False,False
1.0,,12.251313959764618,3,0,0,1,1,1,0,0,False,False,True,False,True,False,False,False,False,False,False,False,False,False
,0.0,0.0,0,1,1,0,0,1,0,0,True,False,False,False,False,False,False,False,False,True,False,False,False,False
0.0,,14.174003115143691,4,0,1,1,0,1,0,0,False,False,True,False,False,False,False,True,False,False,False,False,False,False
0.0,,18.473444593351555,2,0,0,1,0,0,0,0,False,False,True,False,False,False,False,True,False,False,False,False,False,False
,0.0,0.0,0,0,0,0,0,1,0,0,True,False,False,False,False,False,False,False,False,False,False,False,False,True
,0.0,0.0,0,1,1,0,0,0,1,0,True,False,False,False,False,False,False,False,False,False,False,False,False,True
,,0.0,2,0,0,1,0,1,1,0,False,True,False,False,False,False,False,False,False,False,False,False,False,False
,1.0,0.0,0,1,1,0,1,0,0,0,True,False,False,False,False,False,False,False,False,False,True,False,False,False
1.0,,16.313583187072055,1,0,0,0,0,0,1,0,False,False,True,False,False,False,False,False,True,False,False,False,False,False
,,24.869282335691587,3,0,0,1,0,1,0,0,False,False,False,True,False,False,False,False,True,False,False,False,False,False
,,19.227170669269313,4,0,0,1,0,1,0,0,False,False,False,True,False,True,False,False,False,False,False,False,False,False
0.0,,27.300151675560585,4,0,0,0,1,0,0,0,False,False,True,False,False,True,False,False,False,False,False,False,False,False
,1.0,0.0,0,0,1,0,0,1,0,0,True,False,False,False,False,False,False,False,False,False,True,False,False,False
,,0.0,2,1,1,0,0,0,0,0,False,True,False,False,False,False,False,False,False,False,False,False,False,False
0.0,,25.346045534277305,2,1,0,1,0,1,0,0,False,False,True,False,True,False,False,False,False,False,False,False,False,False
0.0,,27.826943258946663,1,1,0,0,0,1,0,1,False,False,True,False,False,False,False,True,False,False,False,False,False,False
,,23.402302080047605,2,0,0,0,1,0,1,1,False,False,False,True,False,False,False,True,False,False,False,False,False,False
,1.0,0.0,0,1,1,0,0,0,0,0,True,False,False,False,False,False,False,False,False,False,False,False,False,True
1.0,,27.81345545925406,4,0,0,1,1,0,1,0,False,False,True,False,False,False,True,False,False,False,False,False,False,False
,0.0,0.0,0,0,0,0,0,1,1,0,True,False,False,False,False,False,False,False,False,False,False,True,False,False
0.0,,18.383430584335727,1,0,0,1,0,1,0,1,False,False,True,False,False,False,False,False,True,False,False,False,False,False
1.0,,15.131007526560222,1,0,1,1,0,0,0,0,False,False,True,False,False,False,False,False,True,False,False,False,False,False
1.0,,22.701551599642432,2,0,0,0,0,1,0,0,False,False,True,False,True,False,False,False,False,False,False,False,False,False
1.0,,15.43317231307093,2,0,1,0,0,1,0,0,False,False,True,False,False,False,False,False,True,False,False,False,False,False
,,0.0,2,0,0,0,1,0,0,1,False,True,False,False,False,False,False,False,False,False,False,False,False,False
,,0.0,4,1,1,0,0,0,0,0,False,True,False,False,False,False,False,False,False,False,False,False,False,False
,,27.530889966227697,4,1,0,0,1,0,1,0,False,False,False,True,False,False,True,False,False,False,False,False,False,False
,0.0,0.0,0,0,0,0,0,1,1,0,True,False,False,False,False,False,False,False,False,False,False,False,True,False
,1.0,0.0,0,0,0,0,1,0,0,0,True,False,False,False,False,False,False,False,False,False,True,False,False,False
1.0,,21.038997030974098,2,0,0,0,1,0,1,0,False,False,True,False,False,False,True,False,False,False,False,False,False,False
,,20.39604247380289,3,1,0,0,0,0,1,1,False,False,False,True,True,False,False,False,False,False,False,False,False,False
1.0,,23.07486341627839,2,0,0,0,1,0,0,0,False,False,True,False,False,True,False,False,False,False,False,False,False,False
,1.0,0.0,0,0,0,0,1,0,0,0,True,False,False,False,False,False,False,False,False,False,False,False,True,False
,1.0,0.0,0,0,0,0,1,0,0,0,True,False,False,False,False,False,False,False,False,False,False,True,False,False
,0.0,0.0,0,0,0,0,0,1,0,0,True,False,False,False,False,False,False,False,False,False,False,False,True,False
,,17.751561617637872,2,0,1,0,0,0,1,0,False,False,False,True,False,False,True,False,False,False,False,False,False,False
,,18.847645879051015,1,0,0,1,1,0,0,0,False,False,False,True,False,True,False,False,False,False,False,False,False,False
,,14.467377879567175,4,0,0,0,0,0,0,1,False,False,False,True,False,False,True,False,False,False,False,False,False,False
0.0,,8.09208654051522,3,0,0,1,0,1,0,0,False,False,True,False,False,False,False,True,False,False,False,False,False,False
,,20.45264367209452,4,1,0,0,1,0,0,0,False,False,False,True,True,False,False,False,False,False,False,False,False,False
0.0,,25.405533989876027,4,0,0,0,1,0,1,1,False,False,True,False,False,False,False,True,False,False,False,False,False,False
,0.0,0.0,0,0,0,1,0,0,0,1,True,False,False,False,False,False,False,False,False,False,False,True,False,False
,,15.397098863453351,2,1,0,0,0,0,0,1,False,False,False,True,False,False,False,True,False,False,False,False,False,False
1.0,,18.97430387590998,3,1,1,0,1,0,0,0,False,False,True,False,True,False,False,False,False,False,False,False,False,False
0.0,,16.7411282330356,1,1,0,0,1,1,0,0,False,False,True,False,True,False,False,False,False,False,False,False,False,False
,0.0,0.0,0,1,0,0,1,0,0,0,True,False,False,False,False,False,False,False,False,False,False,True,False,False
0.0,,21.545304439585372,3,0,0,0,0,0,1,0,False,False,True,False,False,True,False,False,False,False,False,False,False,False
,0.0,0.0,0,1,0,0,0,0,0,0,True,False,False,False,False,False,False,False,False,False,True,False,False,False
,,0.0,1,0,0,0,1,0,1,1,False,True,False,False,False,False,False,False,False,False,False,False,False,False
,,20.17129688955428,4,1,1,0,0,1,0,0,False,False,False,True,False,False,True,False,False,False,False,False,False,False
,,0.0,3,0,0,1,0,0,0,1,False,True,False,False,False,False,False,False,False,False,False,False,False,False
0.0,,21.710920393734526,3,0,0,0,1,1,0,1,False,False,True,False,False,False,False,False,True,False,False,False,False,False
,1.0,0.0,0,0,0,0,0,1,0,0,True,False,False,False,False,False,False,False,False,True,False,False,False,False
,1.0,0.0,0,1,0,0,0,0,0,0,True,False,False,False,False,False,False,False,False,False,False,False,True,False
0.0,,14.182133437855363,3,1,0,1,0,0,0,1,False,False,True,False,False,False,False,True,False,False,False,False,False,False
1.0,,15.08685889599631,1,0,1,0,1,0,1,0,False,False,True,False,False,False,False,False,True,False,False,False,False,False
0.0,,19.63365108776278,4,0,0,1,1,0,0,0,False,False,True,False,False,False,False,True,False,False,False,False,False,False
0.0,,12.23538647498948,3,0,0,0,1,0,0,0,False,False,True,False,False,False,False,True,False,False,False,False,False,False
1.0,,21.1508167545228,4,0,1,0,1,0,0,0,False,False,True,False,False,False,True,False,False,False,False,False,False,False
,,17.162608847534443,1,0,0,1,1,0,0,1,False,False,False,True,True,False,False,False,False,False,False,False,False,False
,1.0,0.0,0,1,0,0,0,0,0,0,True,False,False,False,False,False,False,False,False,False,False,True,False,False
,,17.57282749421286,1,0,0,1,0,0,1,0,False,False,False,True,False,False,True,False,False,False,False,False,False,False
,,0.0,1,0,0,0,0,0,1,0,False,True,False,False,False,False,False,False,False,False,False,False,False,False
,1.0,0.0,0,0,0,1,0,1,0,0,True,False,False,False,False,False,False,False,False,False,False,False,False,True
,,21.360031505789756,4,0,1,0,0,0,0,0,False,False,False,True,True,False,False,False,False,False,False,False,False,False
,1.0,0.0,0,0,0,0,0,0,0,1,True,False,False,False,False,False,False,False,False,False,False,True,False,False
0.0,,24.707890665534364,2,0,1,0,0,0,1,1,False,False,True,False,False,False,False,True,False,False,False,False,False,False
,1.0,0.0,0,0,0,0,1,0,0,0,True,False,False,False,False,False,False,False,False,False,True,False,False,False
1.0,,8.170418563367068,1,1,0,0,0,0,1,0,False,False,True,False,False,False,False,False,True,False,False,False,False,False
1.0,,18.104702869930783,3,0,1,0,0,0,0,1,False,False,True,False,False,False,False,False,True,False,False,False,False,False
0.0,,25.301034951633092,1,0,0,0,1,0,0,0,False,False,True,False,False,False,False,True,False,False,False,False,False,False
,1.0,0.0,0,1,0,0,1,0,0,0,True,False,False,False,False,False,False,False,False,False,True,False,False,False
0.0,,20.714566783633046,1,1,0,0,0,0,1,1,False,False,True,False,False,True,False,False,False,False,False,False,False,False
,,14.89654991194547,2,0,0,0,1,0,0,0,False,False,False,True,True,False,False,False,False,False,False,False,False,False
0.0,,19.851577917839826,3,0,1,0,1,0,1,0,False,False,True,False,False,False,False,True,False,False,False,False,False,False
1.0,,26.432779023983187,4,0,0,1,1,1,0,0,False,False,True,False,True,False,False,False,False,False,False,False,False,False
,0.0,0.0,0,0,0,0,0,0,0,1,True,False,False,False,False,False,False,False,False,False,False,True,False,False
1.0,,24.20020623511259,4,0,0,0,0,1,0,0,False,False,True,False,False,False,False,False,True,False,False,False,False,False
,1.0,0.0,0,0,0,1,0,1,0,0,True,False,False,False,False,False,False,False,False,False,True,False,False,False
,,11.904353521957457,2,1,0,0,0,0,1,0,False,False,False,True,False,False,True,False,False,False,False,False,False,False
1.0,,8.43090556441441,1,0,0,1,1,0,0,0,False,False,True,False,True,False,False,False,False,False,False,False,False,False
,0.0,0.0,0,0,1,0,0,0,1,1,True,False,False,False,False,False,False,False,False,False,False,False,True,False
,0.0,0.0,0,0,1,0,1,0,0,0,True,False,False,False,False,False,False,False,False,False,False,True,False,False
,1.0,0.0,0,0,0,0,0,1,0,0,True,False,False,False,False,False,False,False,False,False,False,True,False,False
0.0,,17.67913576439104,3,0,0,0,0,0,1,0,False,False,True,False,True,False,False,False,False,False,False,False,False,False
,,12.640481696182325,1,1,0,0,0,0,1,0,False,False,False,True,False,False,False,False,True,False,False,False,False,False
1.0,,17.751232086326134,3,1,0,0,0,1,1,0,False,False,True,False,True,False,False,False,False,False,False,False,False,False
,,17.58206984862434,2,0,0,0,0,0,0,1,False,False,False,True,False,True,False,False,False,False,False,False,False,False
0.0,,13.492661138802434,3,0,0,0,0,0,0,1,False,False,True,False,False,False,False,False,True,False,False,False,False,False
0.0,,23.834193528631975,2,0,0,1,0,1,0,0,False,False,True,False,True,False,False,False,False,False,False,False,False,False
,,22.795568729402003,2,1,0,0,0,1,0,0,False,False,False,True,False,False,True,False,False,False,False,False,False,False
,0.0,0.0,0,0,1,0,0,0,0,1,True,False,False,False,False,False,False,False,False,False,False,False,True,False
,1.0,0.0,0,0,0,0,0,0,1,0,True,False,False,False,False,False,False,False,False,False,False,True,False,False
,1.0,0.0,0,0,1,0,0,0,0,0,True,False,False,False,False,False,False,False,False,False,False,True,False,False
,,20.35502420034304,4,0,1,1,1,0,0,0,False,False,False,True,True,False,False,False,False,False,False,False,False,False
0.0,,23.86950910188091,3,1,0,1,0,0,0,0,False,False,True,False,False,False,True,False,False,False,False,False,False,False
,1.0,0.0,0,0,1,0,1,0,1,0,True,False,False,False,False,False,False,False,False,False,False,True,False,False
,0.0,0.0,0,0,0,1,1,0,0,0,True,False,False,False,False,False,False,False,False,False,False,True,False,False
0.0,,33.21577517529253,1,0,1,1,0,0,1,0,False,False,True,False,False,False,True,False,False,False,False,False,False,False
0.0,,28.689099928801248,2,0,1,0,0,0,0,0,False,False,True,False,False,False,False,False,True,False,False,False,False,False
0.0,,22.59226162833946,3,1,0,0,0,1,1,0,False,False,True,False,False,False,True,False,False,False,False,False,False,False
,1.0,0.0,0,0,0,0,1,0,0,0,True,False,False,False,False,False,False,False,False,False,False,False,False,True
0.0,,16.209829020544234,2,1,0,0,0,0,0,0,False,False,True,False,False,False,False,True,False,False,False,False,False,False
,,0.0,3,1,0,0,0,0,0,0,False,True,False,False,False,False,False,False,False,False,False,False,False,False
,0.0,0.0,0,0,0,0,0,0,1,0,True,False,False,False,False,False,False,False,False,False,True,False,False,False
,1.0,0.0,0,0,1,0,1,0,1,0,True,False,False,False,False,False,False,False,False,True,False,False,False,False
1.0,,15.841568164525835,3,0,0,1,0,1,0,0,False,False,True,False,False,False,False,False,True,False,False,False,False,False
,1.0,0.0,0,1,0,0,0,0,0,0,True,False,False,False,False,False,False,False,False,False,True,False,False,False
,0.0,0.0,0,0,1,0,0,0,0,0,True,False,False,False,False,False,False,False,False,False,False,False,True,False
,,21.37964661275262,4,0,0,0,0,1,1,0,False,False,False,True,False,False,False,False,True,False,False,False,False,False
,,22.496461968647072,3,1,0,0,0,0,0,0,False,False,False,True,False,False,True,False,False,False,False,False,False,False
0.0,,22.911698038526165,4,0,1,0,0,0,0,0,False,False,True,False,False,False,False,False,True,False,False,False,False,False
0.0,,35.643504830482435,1,0,1,0,0,0,1,1,False,False,True,False,False,False,False,False,True,False,False,False,False,False
,1.0,0.0,0,0,0,1,0,0,0,0,True,False,False,False,False,False,False,False,False,False,False,False,True,False
1.0,,17.60122182284698,4,0,1,0,1,1,0,0,False,False,True,False,False,False,True,False,False,False,False,False,False,False
,,20.9773218630411,1,0,1,1,0,0,0,0,False,False,False,True,False,False,False,False,True,False,False,False,False,False
,1.0,0.0,0,1,0,1,0,0,0,0,True,False,False,False,False,False,False,False,False,False,False,False,True,False
,,0.0,2,0,1,1,1,0,0,0,False,True,False,False,False,False,False,False,False,False,False,False,False,False
,1.0,0.0,0,0,1,1,0,1,0,0,True,False,False,False,False,False,False,False,False,False,False,False,True,False
,,23.321537014839684,3,0,0,0,1,0,0,0,False,False,False,True,False,True,False,False,False,False,False,False,False,False
1.0,,21.520236738595862,4,0,0,1,0,1,1,0,False,False,True,False,False,True,False,False,False,False,False,False,False,False
,0.0,0.0,0,0,0,1,1,0,0,0,True,False,False,False,False,False,False,False,False,False,False,False,True,False
,,20.221555857001682,2,0,1,0,0,0,0,0,False,False,False,True,False,False,True,False,False,False,False,False,False,False
,,20.73538123309362,3,0,0,0,0,1,0,0,False,False,False,True,False,True,False,False,False,False,False,False,False,False
0.0,,21.05569702048488,3,1,0,0,0,1,1,0,False,False,True,False,False,True,False,False,False,False,False,False,False,False
1.0,,20.943955199990942,1,0,0,0,0,0,1,0,False,False,True,False,True,False,False,False,False,False,False,False,False,False
,,0.0,4,1,0,0,0,0,0,0,False,True,False,False,False,False,False,False,False,False,False,False,False,False
,1.0,0.0,0,0,0,0,0,1,0,0,True,False,False,False,False,False,False,False,False,False,False,False,False,True
,1.0,0.0,0,0,0,1,1,0,1,0,True,False,False,False,False,False,False,False,False,True,False,False,False,False
,,22.60367735142301,4,0,1,1,0,0,1,0,False,False,False,True,True,False,False,False,False,False,False,False,False,False
,,23.423367818255283,4,0,0,0,0,1,0,0,False,False,False,True,False,True,False,False,False,False,False,False,False,False
,1.0,0.0,0,0,0,0,0,1,0,0,True,False,False,False,False,False,False,False,False,False,True,False,False,False
1.0,,14.853564541900843,3,0,1,1,0,0,1,0,False,False,True,False,False,False,True,False,False,False,False,False,False,False
0.0,,20.720858725806114,1,1,0,0,0,0,0,0,False,False,True,False,True,False,False,False,False,False,False,False,False,False
0.0,,16.979352935090134,2,0,0,0,0,1,0,0,False,False,True,False,False,False,False,True,False,False,False,False,False,False
,0.0,0.0,0,0,0,0,1,0,0,1,True,False,False,False,False,False,False,False,False,False,True,False,False,False
1.0,,20.836530380752414,2,0,0,0,0,1,1,0,False,False,True,False,False,False,False,True,False,False,False,False,False,False
,1.0,0.0,0,0,1,0,1,0,0,0,True,False,False,False,False,False,False,False,False,False,False,False,False,True
,1.0,0.0,0,0,0,0,0,1,1,1,True,False,False,False,False,False,False,False,False,False,False,True,False,False
,,17.43987677311827,1,1,0,0,0,0,0,1,False,False,False,True,False,False,False,False,True,False,False,False,False,False
1.0,,17.145376227397247,2,0,0,0,0,0,0,1,False,False,True,False,False,False,True,False,False,False,False,False,False,False
1.0,,15.172742257839523,3,0,0,1,0,0,0,0,False,False,True,False,False,False,False,False,True,False,False,False,False,False
,1.0,0.0,0,1,0,1,0,0,0,1,True,False,False,False,False,False,False,False,False,False,False,True,False,False
,0.0,0.0,0,0,0,0,0,0,0,1,True,False,False,False,False,False,False,False,False,False,False,False,False,True
,1.0,0.0,0,1,0,1,0,0,0,0,True,False,False,False,False,False,False,False,False,False,False,True,False,False
,1.0,0.0,0,0,0,0,1,0,1,1,True,False,False,False,False,False,False,False,False,False,False,False,True,False
,0.0,0.0,0,0,1,1,0,0,0,1,True,False,False,False,False,False,False,False,False,False,False,False,True,False
,,0.0,4,0,0,0,1,0,0,1,False,True,False,False,False,False,False,False,False,False,False,False,False,False
0.0,,24.885500309293388,3,1,0,0,0,0,0,0,False,False,True,False,True,False,False,False,False,False,False,False,False,False
0.0,,22.527294621169812,1,0,1,0,0,0,0,0,False,False,True,False,True,False,False,False,False,False,False,False,False,False
,,18.990040989242434,3,0,0,0,0,0,1,0,False,False,False,True,False,False,False,True,False,False,False,False,False,False
1.0,,17.20065746782558,2,0,1,1,1,0,0,0,False,False,True,False,True,False,False,False,False,False,False,False,False,False
,1.0,0.0,0,0,0,1,0,0,0,0,True,False,False,False,False,False,False,False,False,True,False,False,False,False
0.0,,15.686005707637978,4,0,0,1,0,1,0,0,False,False,True,False,False,False,False,False,True,False,False,False,False,False
,1.0,0.0,0,0,0,0,0,0,1,0,True,False,False,False,False,False,False,False,False,False,True,False,False,False
,,0.0,3,0,0,0,0,0,1,0,False,True,False,False,False,False,False,False,False,False,False,False,False,False
0.0,,19.540554898904585,2,1,0,0,0,0,1,0,False,False,True,False,False,False,False,True,False,False,False,False,False,False
,,30.579379566144006,4,1,0,0,0,0,0,0,False,False,False,True,False,True,False,False,False,False,False,False,False,False
,,18.783882522346396,3,1,0,1,0,1,0,0,False,False,False,True,False,False,False,True,False,False,False,False,False,False
1.0,,16.51159858731509,4,0,0,0,0,0,1,0,False,False,True,False,False,True,False,False,False,False,False,False,False,False
,0.0,0.0,0,0,1,0,0,1,1,0,True,False,False,False,False,False,False,False,False,True,False,False,False,False
,0.0,0.0,0,0,0,0,1,0,0,0,True,False,False,False,False,False,False,False,False,False,False,False,False,True
,0.0,0.0,0,0,0,0,1,1,0,1,True,False,False,False,False,False,False,False,False,False,False,False,False,True
,,23.414637762592697,3,1,0,1,0,0,0,0,False,False,False,True,False,False,True,False,False,False,False,False,False,False
,0.0,0.0,0,0,0,0,1,1,0,0,True,False,False,False,False,False,False,False,False,False,False,False,True,False
1.0,,24.967523664014514,3,0,0,0,1,0,0,0,False,False,True,False,False,False,False,True,False,False,False,False,False,False
1.0,,20.4139933547913,3,1,0,0,0,0,0,1,False,False,True,False,False,False,False,False,True,False,False,False,False,False
,,22.852194648144767,4,0,0,0,1,0,0,0,False,False,False,True,False,False,False,True,False,False,False,False,False,False
,0.0,0.0,0,0,0,1,0,1,1,0,True,False,False,False,False,False,False,False,False,False,True,False,False,False
,0.0,0.0,0,1,0,0,1,0,0,1,True,False,False,False,False,False,False,False,False,False,True,False,False,False
,,8.950722606819532,2,1,0,0,1,0,0,0,False,False,False,True,False,True,False,False,False,False,False,False,False,False
,,22.106710483720327,4,1,0,0,0,0,0,0,False,False,False,True,True,False,False,False,False,False,False,False,False,False
,1.0,0.0,0,1,1,0,0,0,1,0,True,False,False,False,False,False,False,False,False,True,False,False,False,False
1.0,,10.425268371480042,1,0,0,0,1,0,1,0,False,False,True,False,False,False,False,False,True,False,False,False,False,False
,,14.992684761100218,4,0,1,1,0,0,0,0,False,False,False,True,False,True,False,False,False,False,False,False,False,False
,0.0,0.0,0,1,1,0,0,0,0,0,True,False,False,False,False,False,False,False,False,False,False,False,False,True
,0.0,0.0,0,0,0,1,0,1,0,0,True,False,False,False,False,False,False,False,False,False,False,False,True,False
0.0,,30.30195676259749,3,1,0,0,1,1,0,0,False,False,True,False,False,False,False,True,False,False,False,False,False,False
,,15.345627755694515,3,0,1,1,0,1,0,0,False,False,False,True,False,False,False,True,False,False,False,False,False,False
,0.0,0.0,0,0,1,0,0,0,1,0,True,False,False,False,False,False,False,False,False,False,False,False,False,True
1.0,,3.6184847155934143,3,0,1,0,0,0,0,0,False,False,True,False,False,False,False,False,True,False,False,False,False,False
,,19.657839261166327,1,1,0,0,0,1,0,1,False,False,False,True,False,False,False,False,True,False,False,False,False,False
,0.0,0.0,0,1,0,0,0,0,0,1,True,False,False,False,False,False,False,False,False,True,False,False,False,False
,1.0,0.0,0,1,1,0,0,0,0,0,True,False,False,False,False,False,False,False,False,True,False,False,False,False
1.0,,22.92338788523514,4,0,0,0,1,0,0,0,False,False,True,False,True,False,False,False,False,False,False,False,False,False
0.0,,22.096953212693045,4,1,0,1,0,0,0,0,False,False,True,False,False,False,False,False,True,False,False,False,False,False
0.0,,26.608362964505737,3,0,1,1,0,0,0,1,False,False,True,False,False,False,False,False,True,False,False,False,False,False
0.0,,31.65581521784427,3,0,0,0,0,0,0,1,False,False,True,False,False,False,False,False,True,False,False,False,False,False
,,27.766129976197508,4,1,0,0,0,0,0,1,False,False,False,True,True,False,False,False,False,False,False,False,False,False
,,16.64401699459485,3,0,1,1,0,1,0,0,False,False,False,True,True,False,False,False,False,False,False,False,False,False
,,26.765617523597793,4,0,0,0,0,1,1,1,False,False,False,True,False,False,True,False,False,False,False,False,False,False
,,0.0,3,0,1,1,0,0,0,0,False,True,False,False,False,False,False,False,False,False,False,False,False,False
0.0,,26.25506822244037,4,1,0,0,0,0,1,0,False,False,True,False,False,False,False,False,True,False,False,False,False,False
,0.0,0.0,0,0,0,0,1,0,0,0,True,False,False,False,False,False,False,False,False,True,False,False,False,False
0.0,,28.28653505213403,3,0,1,0,0,0,0,0,False,False,True,False,False,True,False,False,False,False,False,False,False,False
,1.0,0.0,0,0,1,0,1,1,0,0,True,False,False,False,False,False,False,False,False,False,False,True,False,False
,0.0,0.0,0,0,0,1,0,1,0,1,True,False,False,False,False,False,False,False,False,False,False,True,False,False
0.0,,15.732122618163878,3,0,0,1,0,0,1,0,False,False,True,False,False,False,False,False,True,False,False,False,False,False
1.0,,18.9164842365622,4,0,0,0,1,0,1,0,False,False,True,False,False,False,True,False,False,False,False,False,False,False
0.0,,24.848092912020157,3,0,0,0,1,0,1,0,False,False,True,False,False,False,False,True,False,False,False,False,False,False
0.0,,25.050026263542126,3,1,0,1,0,0,0,1,False,False,True,False,True,False,False,False,False,False,False,False,False,False
,1.0,0.0,0,1,0,0,0,0,1,0,True,False,False,False,False,False,False,False,False,False,True,False,False,False
,,7.254510694268529,3,0,0,0,0,0,0,1,False,False,False,True,False,False,False,True,False,False,False,False,False,False
1.0,,23.77780520226915,4,0,1,1,0,0,0,0,False,False,True,False,False,False,False,True,False,False,False,False,False,False
0.0,,26.081603911316336,2,0,0,0,0,1,0,0,False,False,True,False,False,False,True,False,False,False,False,False,False,False
,1.0,0.0,0,0,1,0,0,0,1,0,True,False,False,False,False,False,False,False,False,False,False,False,False,True
,1.0,0.0,0,1,0,0,0,1,1,0,True,False,False,False,False,False,False,False,False,False,True,False,False,False
,,21.193048429796452,1,1,0,0,0,0,0,0,False,False,False,True,False,False,False,True,False,False,False,False,False,False
,,31.58425521599239,3,0,1,1,0,0,0,1,False,False,False,True,False,False,False,False,True,False,False,False,False,False
,,0.0,4,0,0,0,1,1,0,1,False,True,False,False,False,False,False,False,False,False,False,False,False,False
,1.0,0.0,0,0,0,1,0,0,0,1,True,False,False,False,False,False,False,False,False,False,True,False,False,False
1.0,,17.01417875435925,1,1,0,0,0,0,0,1,False,False,True,False,False,False,False,True,False,False,False,False,False,False
0.0,,17.428907116568624,1,0,0,0,0,1,1,0,False,False,True,False,False,False,False,False,True,False,False,False,False,False
0.0,,20.695685071718085,2,0,0,1,0,1,0,1,False,False,True,False,False,False,False,True,False,False,False,False,False,False
0.0,,19.501936975169656,1,1,0,0,0,1,0,0,False,False,True,False,False,False,False,False,True,False,False,False,False,False
1.0,,16.550092622971892,4,0,0,0,0,1,0,0,False,False,True,False,False,False,False,False,True,False,False,False,False,False
,0.0,0.0,0,0,1,0,0,0,0,0,True,False,False,False,False,False,False,False,False,False,False,False,True,False
1.0,,21.551448738228164,1,0,0,1,0,0,0,0,False,False,True,False,False,False,False,False,True,False,False,False,False,False
,,0.0,2,0,0,0,1,0,0,1,False,True,False,False,False,False,False,False,False,False,False,False,False,False
,0.0,0.0,0,0,0,0,1,0,0,0,True,False,False,False,False,False,False,False,False,False,False,False,False,True
,1.0,0.0,0,0,0,0,1,0,0,1,True,False,False,False,False,False,False,False,False,False,False,False,True,False
,0.0,0.0,0,1,0,0,1,0,0,0,True,False,False,False,False,False,False,False,False,False,False,True,False,False
1.0,,21.90263943204822,1,1,0,0,0,0,1,0,False,False,True,False,False,False,True,False,False,False,False,False,False,False
,0.0,0.0,0,0,0,1,0,0,1,1,True,False,False,False,False,False,False,False,False,False,False,True,False,False
,,0.0,4,0,0,0,0,0,1,1,False,True,False,False,False,False,False,False,False,False,False,False,False,False
,1.0,0.0,0,0,0,0,0,0,0,1,True,False,False,False,False,False,False,False,False,False,True,False,False,False
1.0,,19.880474303990987,2,0,0,0,0,0,0,1,False,False,True,False,True,False,False,False,False,False,False,False,False,False
,1.0,0.0,0,0,1,1,0,0,0,0,True,False,False,False,False,False,False,False,False,False,False,False,False,True
,,19.978765571912863,1,0,0,0,0,1,1,0,False,False,False,True,False,False,False,True,False,False,False,False,False,False
,,0.0,1,0,1,1,0,0,0,0,False,True,False,False,False,False,False,False,False,False,False,False,False,False
1.0,,23.14590690228729,1,1,0,0,0,0,0,0,False,False,True,False,True,False,False,False,False,False,False,False,False,False
,,0.0,3,0,0,1,1,0,1,0,False,True,False,False,False,False,False,False,False,False,False,False,False,False
,0.0,0.0,0,0,0,0,0,0,1,1,True,False,False,False,False,False,False,False,False,False,False,False,True,False
0.0,,28.309777380590987,3,0,0,0,0,0,1,0,False,False,True,False,False,False,True,False,False,False,False,False,False,False
1.0,,22.43064477705198,2,1,0,1,0,0,0,1,False,False,True,False,True,False,False,False,False,False,False,False,False,False
,,0.0,2,0,0,1,0,0,0,0,False,True,False,False,False,False,False,False,False,False,False,False,False,False
0.0,,20.95537808449748,4,0,1,0,0,1,0,0,False,False,True,False,False,False,False,False,True,False,False,False,False,False
1.0,,25.28146919942603,3,0,0,1,0,0,1,0,False,False,True,False,False,False,False,True,False,False,False,False,False,False
,,20.310331250469414,2,0,1,0,1,1,0,0,False,False,False,True,False,False,False,True,False,False,False,False,False,False
1.0,,20.793734990161802,2,0,0,0,0,1,0,0,False,False,True,False,False,True,False,False,False,False,False,False,False,False
,1.0,0.0,0,1,0,0,1,0,0,1,True,False,False,False,False,False,False,False,False,False,True,False,False,False
,1.0,0.0,0,0,0,1,0,0,0,0,True,False,False,False,False,False,False,False,False,False,False,False,True,False
,,18.033575146385793,1,1,0,0,0,0,1,0,False,False,False,True,False,False,False,True,False,False,False,False,False,False
,1.0,0.0,0,1,0,1,0,0,0,0,True,False,False,False,False,False,False,False,False,True,False,False,False,False
,,19.87627263391549,4,0,1,0,0,1,0,0,False,False,False,True,False,False,False,False,True,False,False,False,False,False
1.0,,22.35914180844869,2,0,0,0,0,0,1,1,False,False,True,False,False,True,False,False,False,False,False,False,False,False
,1.0,0.0,0,0,0,0,0,0,1,0,True,False,False,False,False,False,False,False,False,False,False,False,True,False
0.0,,12.074203345137516,3,0,0,1,0,1,0,0,False,False,True,False,True,False,False,False,False,False,False,False,False,False
,1.0,0.0,0,0,0,0,1,1,1,0,True,False,False,False,False,False,False,False,False,False,False,False,False,True
,0.0,0.0,0,0,1,0,1,0,0,0,True,False,False,False,False,False,False,False,False,True,False,False,False,False
,,19.48023680760387,4,0,0,0,0,0,0,1,False,False,False,True,False,False,False,False,True,False,False,False,False,False
,0.0,0.0,0,1,1,0,1,0,0,0,True,False,False,False,False,False,False,False,False,False,False,False,False,True
,,23.32738580293477,3,1,0,0,1,1,0,0,False,False,False,True,False,True,False,False,False,False,False,False,False,False
1.0,,29.037372551912693,4,0,0,0,1,0,0,1,False,False,True,False,True,False,False,False,False,False,False,False,False,False
,0.0,0.0,0,0,1,0,1,0,1,0,True,False,False,False,False,False,False,False,False,True,False,False,False,False
,,21.935409867858983,3,1,0,0,0,0,1,1,False,False,False,True,False,False,True,False,False,False,False,False,False,False
0.0,,2.522383963752958,3,1,0,1,0,0,0,1,False,False,True,False,False,False,False,True,False,False,False,False,False,False
,,22.385289012439983,2,1,1,0,0,0,0,0,False,False,False,True,False,False,False,False,True,False,False,False,False,False
,,17.542875556570955,1,0,0,0,0,1,0,0,False,False,False,True,False,True,False,False,False,False,False,False,False,False
,1.0,0.0,0,0,0,0,1,0,1,0,True,False,False,False,False,False,False,False,False,False,False,False,True,False
0.0,,18.306119607640884,4,0,0,0,0,1,1,0,False,False,True,False,False,True,False,False,False,False,False,False,False,False
,0.0,0.0,0,0,0,0,0,1,0,0,True,False,False,False,False,False,False,False,False,False,False,False,False,True
,0.0,0.0,0,1,0,0,1,0,0,0,True,False,False,False,False,False,False,False,False,False,False,True,False,False
,,19.389501278390814,2,1,0,0,0,0,1,0,False,False,False,True,True,False,False,False,False,False,False,False,False,False
,0.0,0.0,0,1,0,0,0,0,0,0,True,False,False,False,False,False,False,False,False,False,False,True,False,False
,1.0,0.0,0,0,1,0,0,0,0,0,True,False,False,False,False,False,False,False,False,False,False,True,False,False
,,16.766653303602606,2,1,1,0,0,0,0,0,False,False,False,True,False,False,False,False,True,False,False,False,False,False
,0.0,0.0,0,0,0,0,1,0,0,0,True,False,False,False,False,False,False,False,False,False,True,False,False,False
,1.0,0.0,0,0,1,0,0,0,0,0,True,False,False,False,False,False,False,False,False,True,False,False,False,False
1.0,,22.18501886740356,2,0,0,0,0,0,1,1,False,False,True,False,True,False,False,False,False,False,False,False,False,False
1.0,,18.60616317444664,3,0,0,0,1,0,0,0,False,False,True,False,False,False,False,False,True,False,False,False,False,False
0.0,,21.028878690719747,1,1,0,1,0,0,0,1,False,False,True,False,False,False,False,False,True,False,False,False,False,False
,1.0,0.0,0,0,0,1,1,1,0,0,True,False,False,False,False,False,False,False,False,False,False,True,False,False
,,0.0,4,1,0,0,0,1,1,0,False,True,False,False,False,False,False,False,False,False,False,False,False,False
0.0,,21.366299698551764,2,1,0,1,0,0,0,0,False,False,True,False,True,False,False,False,False,False,False,False,False,False
,,19.515432191289513,2,0,0,0,0,1,0,1,False,False,False,True,False,True,False,False,False,False,False,False,False,False
,,0.0,3,1,0,0,1,0,0,1,False,True,False,False,False,False,False,False,False,False,False,False,False,False
0.0,,17.795796758085586,1,1,1,0,1,0,0,0,False,False,True,False,False,False,True,False,False,False,False,False,False,False
,,11.942862041418753,2,0,0,0,1,0,0,0,False,False,False,True,False,False,True,False,False,False,False,False,False,False
0.0,,19.457075608119535,1,1,0,0,0,1,0,0,False,False,True,False,False,False,False,True,False,False,False,False,False,False
0.0,,25.82230779936729,4,0,1,0,0,0,1,1,False,False,True,False,False,True,False,False,False,False,False,False,False,False
1.0,,19.79551019263746,4,0,0,0,0,1,1,0,False,False,True,False,False,False,False,True,False,False,False,False,False,False
1.0,,18.06935832010935,3,1,0,0,0,1,0,0,False,False,True,False,False,True,False,False,False,False,False,False,False,False
1.0,,23.207979440030222,2,0,1,0,0,0,0,1,False,False,True,False,False,False,True,False,False,False,False,False,False,False
0.0,,21.485159680213346,3,0,0,0,1,1,0,0,False,False,True,False,False,False,False,False,True,False,False,False,False,False
1.0,,19.70603910729114,2,0,0,0,0,0,1,0,False,False,True,False,False,False,True,False,False,False,False,False,False,False
,1.0,0.0,0,1,1,0,0,0,0,1,True,False,False,False,False,False,False,False,False,False,False,True,False,False
,1.0,0.0,0,0,0,0,0,1,0,1,True,False,False,False,False,False,False,False,False,False,True,False,False,False
0.0,,18.7702317246914,4,0,1,1,0,0,0,0,False,False,True,False,False,False,True,False,False,False,False,False,False,False
1.0,,14.57200793817376,3,0,0,0,0,0,1,0,False,False,True,False,False,True,False,False,False,False,False,False,False,False
0.0,,18.81868675772099,2,1,0,0,1,1,0,0,False,False,True,False,False,False,False,False,True,False,False,False,False,False
0.0,,14.356925496415549,2,0,1,0,0,0,1,0,False,False,True,False,False,False,True,False,False,False,False,False,False,False
,1.0,0.0,0,1,0,0,0,0,0,0,True,False,False,False,False,False,False,False,False,True,False,False,False,False
,,18.791807834694144,3,1,0,0,0,1,1,0,False,False,False,True,False,False,True,False,False,False,False,False,False,False
1.0,,15.853859019883984,3,1,0,1,0,0,0,1,False,False,True,False,False,False,False,True,False,False,False,False,False,False
0.0,,23.668870593300486,2,0,0,0,1,1,1,0,False,False,True,False,False,True,False,False,False,False,False,False,False,False
,,17.840932275382677,3,0,0,0,0,0,0,1,False,False,False,True,False,False,False,False,True,False,False,False,False,False
1.0,,18.81367559646499,4,0,0,0,0,1,0,0,False,False,True,False,True,False,False,False,False,False,False,False,False,False
1.0,,16.817953501156307,2,1,0,0,0,1,1,0,False,False,True,False,True,False,False,False,False,False,False,False,False,False
1.0,,19.688586097508978,4,1,1,0,0,0,0,1,False,False,True,False,False,True,False,False,False,False,False,False,False,False
1.0,,21.220412369830168,4,0,1,1,0,0,0,1,False,False,True,False,False,False,False,False,True,False,False,False,False,False
1.0,,18.62017615812433,4,0,1,1,0,0,0,0,False,False,True,False,False,False,False,True,False,False,False,False,False,False
,1.0,0.0,0,0,0,0,0,1,0,0,True,False,False,False,False,False,False,False,False,True,False,False,False,False
0.0,,17.843914775353536,3,0,0,0,1,1,1,0,False,False,True,False,False,False,False,True,False,False,False,False,False,False
0.0,,14.101436835621808,3,0,1,0,0,0,0,0,False,False,True,False,False,False,False,True,False,False,False,False,False,False
,,29.386753922474835,1,1,1,0,0,0,1,0,False,False,False,True,False,False,False,True,False,False,False,False,False,False
0.0,,23.572293340853605,4,0,0,0,0,0,1,0,False,False,True,False,False,False,True,False,False,False,False,False,False,False
0.0,,24.938886600834625,2,0,1,0,1,0,0,0,False,False,True,False,False,False,False,True,False,False,False,False,False,False
,1.0,0.0,0,0,0,0,1,0,0,0,True,False,False,False,False,False,False,False,False,False,False,True,False,False
,,24.29919240894472,1,0,1,0,1,0,1,0,False,False,False,True,True,False,False,False,False,False,False,False,False,False
,,0.0,3,1,0,0,0,0,0,0,False,True,False,False,False,False,False,False,False,False,False,False,False,False
0.0,,25.805893852816855,3,0,1,1,0,0,0,0,False,False,True,False,False,True,False,False,False,False,False,False,False,False
,,24.01426681966368,2,0,0,1,0,1,0,1,False,False,False,True,False,False,False,False,True,False,False,False,False,False
1.0,,12.766028235579192,2,0,1,1,0,1,0,0,False,False,True,False,False,True,False,False,False,False,False,False,False,False
,0.0,0.0,0,0,0,0,0,1,0,0,True,False,False,False,False,False,False,False,False,False,False,True,False,False
,,13.292434301678469,3,1,0,0,0,0,0,0,False,False,False,True,True,False,False,False,False,False,False,False,False,False
0.0,,27.982634018502317,3,0,0,0,0,0,1,0,False,False,True,False,True,False,False,False,False,False,False,False,False,False
,,0.0,2,0,0,0,0,1,1,0,False,True,False,False,False,False,False,False,False,False,False,False,False,False
,,0.0,3,0,0,0,1,0,0,0,False,True,False,False,False,False,False,False,False,False,False,False,False,False
,,0.0,4,0,1,0,0,1,0,0,False,True,False,False,False,False,False,False,False,False,False,False,False,False
0.0,,23.85760856590688,3,1,1,0,0,0,0,1,False,False,True,False,False,False,False,True,False,False,False,False,False,False
0.0,,20.56126347661671,3,0,0,0,1,1,0,0,False,False,True,False,False,False,False,False,True,False,False,False,False,False
,,21.18264290922289,4,0,0,0,0,1,0,0,False,False,False,True,False,True,False,False,False,False,False,False,False,False
,,23.409216648825964,1,0,1,0,0,0,0,1,False,False,False,True,False,False,False,True,False,False,False,False,False,False
1.0,,19.736630354847353,4,0,0,1,0,0,0,1,False,False,True,False,False,False,False,False,True,False,False,False,False,False
,0.0,0.0,0,1,0,0,0,0,0,0,True,False,False,False,False,False,False,False,False,False,False,False,True,False
,,0.0,3,0,0,0,1,1,0,0,False,True,False,False,False,False,False,False,False,False,False,False,False,False
,,18.77445529851107,3,0,1,0,0,0,1,0,False,False,False,True,False,False,False,True,False,False,False,False,False,False
0.0,,20.837673890505915,1,1,0,0,1,0,0,1,False,False,True,False,False,False,False,False,True,False,False,False,False,False
,1.0,0.0,0,0,1,0,1,1,0,0,True,False,False,False,False,False,False,False,False,False,False,False,False,True
0.0,,21.44551313215027,3,0,0,0,1,0,1,1,False,False,True,False,True,False,False,False,False,False,False,False,False,False
1.0,,9.916051283797485,2,0,0,0,0,1,0,0,False,False,True,False,False,True,False,False,False,False,False,False,False,False
,1.0,0.0,0,0,0,1,0,0,0,0,True,False,False,False,False,False,False,False,False,False,True,False,False,False
,,0.0,2,1,1,0,0,0,0,0,False,True,False,False,False,False,False,False,False,False,False,False,False,False
,1.0,0.0,0,0,0,0,0,1,0,0,True,False,False,False,False,False,False,False,False,False,False,False,True,False
0.0,,13.237278858821778,3,1,1,0,0,0,0,0,False,False,True,False,True,False,False,False,False,False,False,False,False,False
1.0,,19.715844914639526,1,0,1,0,0,1,1,0,False,False,True,False,False,True,False,False,False,False,False,False,False,False
0.0,,12.645644550080847,4,1,0,0,1,0,0,0,False,False,True,False,False,False,False,True,False,False,False,False,False,False
0.0,,15.375539629369223,4,0,1,0,1,0,0,0,False,False,True,False,False,False,True,False,False,False,False,False,False,False
1.0,,22.16144854707949,2,0,0,0,1,0,0,0,False,False,True,False,False,False,False,False,True,False,False,False,False,False
,1.0,0.0,0,1,0,0,0,0,0,0,True,False,False,False,False,False,False,False,False,False,False,True,False,False
,,0.0,2,0,0,0,0,0,1,0,False,True,False,False,False,False,False,False,False,False,False,False,False,False
0.0,,25.36895240947671,1,0,0,1,1,0,0,0,False,False,True,False,True,False,False,False,False,False,False,False,False,False
,0.0,0.0,0,0,0,1,0,0,0,0,True,False,False,False,False,False,False,False,False,False,True,False,False,False
0.0,,20.640000160851372,3,0,0,0,0,1,0,0,False,False,True,False,True,False,False,False,False,False,False,False,False,False
,,0.0,4,0,0,1,1,0,0,0,False,True,False,False,False,False,False,False,False,False,False,False,False,False
,1.0,0.0,0,1,0,0,1,0,1,0,True,False,False,False,False,False,False,False,False,True,False,False,False,False
0.0,,26.63087093511436,3,0,0,0,0,1,0,0,False,False,True,False,False,False,False,False,True,False,False,False,False,False
,1.0,0.0,0,0,0,0,0,0,0,1,True,False,False,False,False,False,False,False,False,False,False,False,False,True
0.0,,25.38468788791535,2,0,0,1,0,0,0,0,False,False,True,False,False,True,False,False,False,False,False,False,False,False
,,19.53674138666201,3,0,0,0,1,1,0,0,False,False,False,True,False,False,True,False,False,False,False,False,False,False
0.0,,20.38347585772711,1,0,0,0,0,0,0,1,False,False,True,False,False,True,False,False,False,False,False,False,False,False
,,15.516643149599457,2,0,0,0,1,0,0,1,False,False,False,True,True,False,False,False,False,False,False,False,False,False
,1.0,0.0,0,1,0,0,1,0,0,1,True,False,False,False,False,False,False,False,False,True,False,False,False,False
0.0,,21.51299613743454,1,0,0,0,1,1,0,0,False,False,True,False,False,False,False,True,False,False,False,False,False,False
,,0.0,4,1,0,0,0,0,0,0,False,True,False,False,False,False,False,False,False,False,False,False,False,False
1.0,,29.756324284064572,1,0,0,0,0,1,0,0,False,False,True,False,False,False,False,True,False,False,False,False,False,False
0.0,,23.782378381461136,2,1,1,0,1,0,0,0,False,False,True,False,False,True,False,False,False,False,False,False,False,False
,,0.0,3,1,0,0,0,1,1,0,False,True,False,False,False,False,False,False,False,False,False,False,False,False
,,16.740268497848422,1,1,1,0,0,0,1,0,False,False,False,True,False,False,True,False,False,False,False,False,False,False
,,0.0,3,0,1,0,0,0,0,0,False,True,False,False,False,False,False,False,False,False,False,False,False,False
,0.0,0.0,0,0,0,0,1,1,0,0,True,False,False,False,False,False,False,False,False,True,False,False,False,False
,,0.0,3,1,0,0,1,0,0,1,False,True,False,False,False,False,False,False,False,False,False,False,False,False
,,18.745717281747947,1,1,0,0,1,0,0,1,False,False,False,True,False,False,False,False,True,False,False,False,False,False
,,0.0,2,0,0,0,0,0,1,0,False,True,False,False,False,False,False,False,False,False,False,False,False,False
0.0,,26.308719890388268,4,0,0,1,1,0,0,0,False,False,True,False,False,False,False,True,False,False,False,False,False,False
,1.0,0.0,0,1,0,0,0,1,0,0,True,False,False,False,False,False,False,False,False,False,False,False,False,True
,,6.867103734502237,1,1,0,0,0,0,0,0,False,False,False,True,False,False,True,False,False,False,False,False,False,False
0.0,,15.425118571038698,4,0,0,0,0,0,0,1,False,False,True,False,False,False,False,True,False,False,False,False,False,False
1.0,,16.647999399074365,2,1,0,1,0,1,0,0,False,False,True,False,False,False,True,False,False,False,False,False,False,False
,1.0,0.0,0,0,0,1,0,0,0,0,True,False,False,False,False,False,False,False,False,False,True,False,False,False
,,0.0,2,1,1,1,0,0,0,0,False,True,False,False,False,False,False,False,False,False,False,False,False,False
1.0,,24.210907446186045,3,0,0,0,0,0,0,1,False,False,True,False,False,True,False,False,False,False,False,False,False,False
1.0,,18.950132036790066,2,0,1,0,0,1,1,0,False,False,True,False,True,False,False,False,False,False,False,False,False,False
,,0.0,3,0,0,1,0,1,0,0,False,True,False,False,False,False,False,False,False,False,False,False,False,False
,,13.824613289645763,2,0,1,0,0,0,0,1,False,False,False,True,False,False,True,False,False,False,False,False,False,False
,,21.918597262973314,3,0,1,0,0,0,0,0,False,False,False,True,False,True,False,False,False,False,False,False,False,False
,,16.440129256573503,2,0,1,0,0,0,0,0,False,False,False,True,False,False,False,False,True,False,False,False,False,False
,1.0,0.0,0,0,0,1,0,0,1,1,True,False,False,False,False,False,False,False,False,False,True,False,False,False
,,11.77127942379372,3,0,1,0,0,1,0,1,False,False,False,True,True,False,False,False,False,False,False,False,False,False
0.0,,21.179949395209224,4,0,1,1,0,0,0,1,False,False,True,False,False,True,False,False,False,False,False,False,False,False
,,0.0,2,0,1,0,1,1,0,0,False,True,False,False,False,False,False,False,False,False,False,False,False,False
0.0,,22.216340296612202,4,0,0,0,0,1,0,0,False,False,True,False,False,False,False,True,False,False,False,False,False,False
